{
  "S1-stationary": {
    "action": {
      "q01": [
        -0.21289005875587463,
        -0.23887107864022256,
        -0.09743555784225463,
        -0.2345587757229805,
        -0.29709381312131883,
        -0.7659722620248794,
        -1.0,
        -0.22416703075170516,
        -0.21901180133223533,
        -0.0916472178697586,
        -0.1911296582221985,
        -0.28694589793682096,
        -0.6571781975030899,
        -1.0
      ],
      "q99": [
        0.18094078898429866,
        0.285620813965797,
        0.1399719870090484,
        0.23819767639040698,
        0.2475332091748714,
        0.8210784196853638,
        1.0,
        0.1962548848986623,
        0.21797718107700348,
        0.13980836510658262,
        0.20099963501095766,
        0.2418444797396656,
        0.6783479595184301,
        1.0
      ]
    },
    "state": {
      "q01": [
        0.20390335500240325,
        -0.2092933827638626,
        0.800216691493988,
        -0.0003153056150767827,
        -0.22140317499637605,
        0.18572892725467685,
        -1.0,
        0.0846004304289818,
        -0.3992574214935303,
        0.8017533588409423,
        -0.011790262013673778,
        -0.25635782480239866,
        1.2177162456512451,
        -1.0
      ],
      "q99": [
        0.7361486649513245,
        0.3778963613510132,
        1.0288261651992798,
        0.8764563846588137,
        0.25497249245643616,
        1.8408909130096436,
        0.8585437536239624,
        0.7296918773651123,
        0.15575402140617373,
        1.0380575513839723,
        0.8635692763328554,
        0.2647219610214233,
        2.654256868362427,
        0.8696012496948242
      ]
    }
  },
  "agibot-go1": {
    "action": {
      "q01": [
        -0.03518563508987427,
        -0.04348802626132965,
        -0.042559505105018616,
        -0.1621842683851719,
        -0.17279890477657317,
        -0.16998977214097977,
        -1.0,
        -0.045203983783721924,
        -0.0751989372074604,
        -0.05756819248199463,
        -0.26728549927473066,
        -0.22937579661607743,
        -0.23201949030160904,
        -1.0
      ],
      "q99": [
        0.04242378592491125,
        0.046922504901885986,
        0.040378451347351074,
        0.18997685775160755,
        0.21262020483612887,
        0.1746021267771709,
        1.0,
        0.0450516048073768,
        0.0625324860215184,
        0.055411637425422544,
        0.24516353011131287,
        0.24261995047330775,
        0.22436036199331277,
        1.0
      ]
    },
    "state": {
      "q01": [
        0.5068688976764679,
        0.053966373354196545,
        0.2392957890033722,
        -0.39769730567932127,
        -1.3418973684310913,
        -1.5141433739662171,
        -0.9860174655914307,
        0.49723300218582156,
        -0.5088888835906983,
        0.21320549994707108,
        -0.22428411841392518,
        -1.2900675582885743,
        -3.104520001411438,
        -0.9840199947357178
      ],
      "q99": [
        0.864535391330719,
        0.4778918308019639,
        1.0246416425704956,
        1.9030746626853943,
        1.418663501739502,
        2.2268117809295664,
        0.9865168333053589,
        0.8508706343173981,
        -0.03226774044334887,
        0.9512546706199646,
        1.856613030433655,
        1.0991208767890932,
        3.108729839324951,
        0.9847769737243652
      ]
    }
  },
  "widowx": {
    "action": {
      "q01": [
        0.0,
        0.0,
        0.0,
        0.0,
        0.0,
        0.0,
        0.0,
        -0.0315629243850708,
        -0.039995899274945255,
        -0.02328021451830864,
        -0.0889546200633049,
        -0.09304512113332748,
        -0.19253751635551453,
        -1.0
      ],
      "q99": [
        0.0,
        0.0,
        0.0,
        0.0,
        0.0,
        0.0,
        0.0,
        0.023773080259561558,
        0.04017582409083851,
        0.046440571546554565,
        0.1068437248468399,
        0.09444522857666016,
        0.16833127677440707,
        1.0
      ]
    },
    "state": {
      "q01": [
        0.0,
        0.0,
        0.0,
        0.0,
        0.0,
        0.0,
        0.0,
        0.17140759378671647,
        -0.17043528482317924,
        -0.053984686732292175,
        -0.353452205657959,
        -0.5277389913797379,
        -1.2724064111709594,
        -1.0224123001098633
      ],
      "q99": [
        0.0,
        0.0,
        0.0,
        0.0,
        0.0,
        0.0,
        0.0,
        0.451708047091961,
        0.2419966280460359,
        0.20081791505217553,
        0.3352193608880044,
        0.2673923283815385,
        1.9009039402008063,
        0.8961414098739624
      ]
    }
  },
  "franka": {
    "action": {
      "q01": [
        0.0,
        0.0,
        0.0,
        0.0,
        0.0,
        0.0,
        0.0,
        -0.6964285969734192,
        -0.7098214030265808,
        -0.9375,
        -0.10178571194410324,
        -0.1574999988079071,
        -0.167142853140831,
        -1.0
      ],
      "q99": [
        0.0,
        0.0,
        0.0,
        0.0,
        0.0,
        0.0,
        0.0,
        0.8008928298950195,
        0.8517857193946838,
        0.9375,
        0.12428571283817291,
        0.18214285373687744,
        0.3246428668498993,
        1.0
      ]
    },
    "state": {
      "q01": [
        0.0,
        0.0,
        0.0,
        0.0,
        0.0,
        0.0,
        0.0,
        -0.39912487387657164,
        -0.26883512616157534,
        0.03826696485280991,
        1.5089580535888671,
        -2.719791135787964,
        -1.08050856590271,
        0.9193736696243286
      ],
      "q99": [
        0.0,
        0.0,
        0.0,
        0.0,
        0.0,
        0.0,
        0.0,
        0.13556506335735302,
        0.33566484451293943,
        1.2706659078598022,
        3.2773460674285886,
        2.406109695434569,
        0.59776972055435,
        0.9965152835845947
      ]
    }
  },
  "fractal": {
    "action": {
      "q01": [
        0.0,
        0.0,
        0.0,
        0.0,
        0.0,
        0.0,
        0.0,
        -0.22832339659333228,
        -0.14568436592817308,
        -0.19718214944005014,
        -0.33256166011095045,
        -0.383815113902092,
        -0.39289807856082914,
        -1.0
      ],
      "q99": [
        0.0,
        0.0,
        0.0,
        0.0,
        0.0,
        0.0,
        0.0,
        0.1499426189064981,
        0.11592037484049807,
        0.2183204218745232,
        0.43474459707737,
        0.3414789792895319,
        0.3933768528699875,
        1.0
      ]
    },
    "state": {
      "q01": [
        0.0,
        0.0,
        0.0,
        0.0,
        0.0,
        0.0,
        0.0,
        0.31809697598218917,
        -0.28074717372655866,
        0.143218807131052,
        -3.1315087914466857,
        -0.2185338072478771,
        -2.973982107639313,
        -1.0
      ],
      "q99": [
        0.0,
        0.0,
        0.0,
        0.0,
        0.0,
        0.0,
        0.0,
        0.8709734350442887,
        0.21595413386821755,
        1.0685108840465545,
        3.128507936000824,
        1.4945743381977084,
        2.7959185004234315,
        1.0
      ]
    }
  },
  "droid": {
    "action": {
      "q01": [
        0.0,
        0.0,
        0.0,
        0.0,
        0.0,
        0.0,
        0.0,
        -0.14566101670265197,
        -0.2144378663599491,
        -0.22457860365509985,
        -0.4494464066624641,
        -0.48529805988073343,
        -0.7173170560598373,
        -1.0
      ],
      "q99": [
        0.0,
        0.0,
        0.0,
        0.0,
        0.0,
        0.0,
        0.0,
        0.1853440091013912,
        0.21180188596248642,
        0.20498369455337545,
        0.45600893825292715,
        0.4128403601050393,
        0.7177987390756614,
        0.9823788404464722
      ]
    },